<?xml version="1.0" encoding="UTF-8"?>
<ti:app xmlns:ti="http://ti.appcelerator.org">
	<id>__PROJECT_ID__</id>
	<name>__PROJECT_NAME__</name>
	<version>1.0</version>
	<publisher>not specified</publisher>
	<url>not specified</url>
	<description></description>
	<copyright>not specified</copyright>
	<icon>appicon.png</icon>
	<fullscreen>false</fullscreen>
	<navbar-hidden>false</navbar-hidden>
	<analytics>true</analytics>
	<guid></guid>
	<property name="ti.ui.defaultunit">dp</property>
	<ios>
		<plist>
			<dict>
				<key>UISupportedInterfaceOrientations~iphone</key>
				<array>
					<string>UIInterfaceOrientationPortrait</string>
				</array>
				<key>UISupportedInterfaceOrientations~ipad</key>
				<array>
					<string>UIInterfaceOrientationPortrait</string>
					<string>UIInterfaceOrientationPortraitUpsideDown</string>
					<string>UIInterfaceOrientationLandscapeLeft</string>
					<string>UIInterfaceOrientationLandscapeRight</string>
				</array>
				<key>UIRequiresPersistentWiFi</key>
				<false/>
				<key>UIPrerenderedIcon</key>
				<false/>
				<key>UIStatusBarHidden</key>
				<false/>
				<key>UIStatusBarStyle</key>
				<string>UIStatusBarStyleDefault</string>
			</dict>
		</plist>
	</ios>
	<android xmlns:android="http://schemas.android.com/apk/res/android">
	</android>
	<mobileweb>
		<precache>
		</precache>
		<splash>
			<enabled>true</enabled>
			<inline-css-images>true</inline-css-images>
		</splash>
		<theme>default</theme>
	</mobileweb>
	<plugins>
        <plugin version="1.0">ti.alloy</plugin>
  </plugins>
	<modules>
		<module platform="android">io.platino</module>
	  <module platform="iphone">io.platino</module>
	</modules>
</ti:app>
